
-- PERSONA
INSERT INTO PERSONA(CF_PERSONA,NOME,COGNOME,DATA_DI_NASCITA,CITTA,CAP,VIA,SESSO,TELEFONO)VALUES
('CODICEFISCALE001','ANTONIO','GARCIA',TO_DATE('29/09/1980','DD/MM/YYYY'),'PLACA DE CATALUNYA','08001','VIA CURTIS','M','0881234668');
INSERT INTO PERSONA(CF_PERSONA,NOME,COGNOME,DATA_DI_NASCITA,CITTA,CAP,VIA,SESSO,TELEFONO)VALUES
('CODICEFISCALE002','JOSE','GONZALES',to_date('25/09/1960','DD/MM/YYYY'),'PALU SANT JORDI','08002','VIA DELLA PLAYA','M','0881456779');
INSERT INTO PERSONA(CF_PERSONA,NOME,COGNOME,DATA_DI_NASCITA,CITTA,CAP,VIA,SESSO,TELEFONO)VALUES
('CODICEFISCALE003','MANUEL','RODRIGUEZ',to_date('23/09/1970','DD/MM/YYYY'),'SARRIA-SANT','08003','VIA DEL CABALLERO','M','0881789112');
INSERT INTO PERSONA(CF_PERSONA,NOME,COGNOME,DATA_DI_NASCITA,CITTA,CAP,VIA,SESSO,TELEFONO)VALUES
('CODICEFISCALE004','MARIA','FERNANDEZ',to_date('22/09/1950','DD/MM/YYYY'),'SALA APOLO','08004','VIA FUERTES','F','08823245886');
INSERT INTO PERSONA(CF_PERSONA,NOME,COGNOME,DATA_DI_NASCITA,CITTA,CAP,VIA,SESSO,TELEFONO)VALUES
('CODICEFISCALE005','CARMEN','LOPEZ',to_date('21/09/1972','DD/MM/YYYY'),'GAVA','08005','VIA ESPAS','F','0882763345');
INSERT INTO PERSONA(CF_PERSONA,NOME,COGNOME,DATA_DI_NASCITA,CITTA,CAP,VIA,SESSO,TELEFONO)VALUES
('CODICEFISCALE006','FRANCISCO','MARTINEZ',to_date('20/09/1973','DD/MM/YYYY'),'RUBI','08006','VIA CULLIOS','M','0881834578');
INSERT INTO PERSONA(CF_PERSONA,NOME,COGNOME,DATA_DI_NASCITA,CITTA,CAP,VIA,SESSO,TELEFONO)VALUES
('CODICEFISCALE007','JOSEFA','SANCHEZ',to_date('19/09/1974','DD/MM/YYYY'),'MARTORELL','08007','VIA SCUSIS','F','0881456348');
INSERT INTO PERSONA(CF_PERSONA,NOME,COGNOME,DATA_DI_NASCITA,CITTA,CAP,VIA,SESSO,TELEFONO)VALUES
('CODICEFISCALE008','ISABEL','PEREZ',to_date('18/09/1975','DD/MM/YYYY'),'ABRERA','08008','VIA FUEGO DEL MAR','F','0883372975');
INSERT INTO PERSONA(CF_PERSONA,NOME,COGNOME,DATA_DI_NASCITA,CITTA,CAP,VIA,SESSO,TELEFONO)VALUES
('CODICEFISCALE009','JUAN','GOMEZ',to_date('17/09/1976','DD/MM/YYYY'),'TERRASA','08009','VIA DELLA DISCO','M','0883678095');
INSERT INTO PERSONA(CF_PERSONA,NOME,COGNOME,DATA_DI_NASCITA,CITTA,CAP,VIA,SESSO,TELEFONO)VALUES
('CODICEFISCALE010','DAVID','MARTIN',to_date('16/09/1977','DD/MM/YYYY'),'SABADELL','08010','VIA DEL MAR','M','0881284560');
INSERT INTO PERSONA(CF_PERSONA,NOME,COGNOME,DATA_DI_NASCITA,CITTA,CAP,VIA,SESSO,TELEFONO)VALUES
('CODICEFISCALE011','ANA','JIMENEZ',to_date('14/09/1978','DD/MM/YYYY'),'RUBI','08011','VIA DEL PLACHO','F','0882773951');
INSERT INTO PERSONA(CF_PERSONA,NOME,COGNOME,DATA_DI_NASCITA,CITTA,CAP,VIA,SESSO,TELEFONO)VALUES
('CODICEFISCALE012','LAURA','RUIZ',to_date('15/09/1979','DD/MM/YYYY'),'SALA','08012','VIA DELLA PLANTAS','F','0883354781');
INSERT INTO PERSONA(CF_PERSONA,NOME,COGNOME,DATA_DI_NASCITA,CITTA,CAP,VIA,SESSO,TELEFONO)VALUES
('CODICEFISCALE013','JAVIER','HERNANDEZ',to_date('13/09/1980', 'DD/MM/YYYY'),'BADALONA','08013','VIA DELLA GANJA','M','0881227644');
INSERT INTO PERSONA(CF_PERSONA,NOME,COGNOME,DATA_DI_NASCITA,CITTA,CAP,VIA,SESSO,TELEFONO)VALUES
('CODICEFISCALE014','DANIEL','DIAZ',to_date('12/09/1981','DD/MM/YYYY'),'GRANOLLERS','08014','VIA DE FIOR','M','0882114577');
INSERT INTO PERSONA(CF_PERSONA,NOME,COGNOME,DATA_DI_NASCITA,CITTA,CAP,VIA,SESSO,TELEFONO)VALUES
('CODICEFISCALE015','JESUS','MORENO',to_date('11/09/1982','DD/MM/YYYY'),'MATRO','08015','VIA DE GUERO','M','0881996354');
INSERT INTO PERSONA(CF_PERSONA,NOME,COGNOME,DATA_DI_NASCITA,CITTA,CAP,VIA,SESSO,TELEFONO)VALUES
('CODICEFISCALE016','CRISTINA','ALVAREZ',to_date('10/09/1983','DD/MM/YYYY'),'CALELLA','08016','VIA DE FAIS','F','0882334652');
INSERT INTO PERSONA(CF_PERSONA,NOME,COGNOME,DATA_DI_NASCITA,CITTA,CAP,VIA,SESSO,TELEFONO)VALUES
('CODICEFISCALE017','FRANCISCA','MUNOZ',to_date('09/09/1984','DD/MM/YYYY'),'BREDA','08017','VIA MANUEL','F','0881583546');
INSERT INTO PERSONA(CF_PERSONA,NOME,COGNOME,DATA_DI_NASCITA,CITTA,CAP,VIA,SESSO,TELEFONO)VALUES
('CODICEFISCALE018','MARTA','ROMERO',to_date('08/09/1985','DD/MM/YYYY'),'ARBUCIES','08018','VIA MIGUEL','F','0881987654');
INSERT INTO PERSONA(CF_PERSONA,NOME,COGNOME,DATA_DI_NASCITA,CITTA,CAP,VIA,SESSO,TELEFONO)VALUES
('CODICEFISCALE019','CARLOS','ALONSO',to_date('07/09/1986','DD/MM/YYYY'),'ARTES','08019','VIA SPAIN NUESTRA','M','0882934567');
INSERT INTO PERSONA(CF_PERSONA,NOME,COGNOME,DATA_DI_NASCITA,CITTA,CAP,VIA,SESSO,TELEFONO)VALUES
('CODICEFISCALE020','FRANCO','SPON',to_date('09/09/1987','DD/MM/YYYY'),'PALMA','08010','VIA SPAIN NUIS','M','0882934590');
INSERT INTO PERSONA(CF_PERSONA,NOME,COGNOME,DATA_DI_NASCITA,CITTA,CAP,VIA,SESSO,TELEFONO)VALUES
('CODICEFISCALE021','LUCAS','PINTOS',to_date('05/09/1963','DD/MM/YYYY'),'IBUN','08015','VIA NUESTRA VIDA','M','0882933321');
INSERT INTO PERSONA(CF_PERSONA,NOME,COGNOME,DATA_DI_NASCITA,CITTA,CAP,VIA,SESSO,TELEFONO)VALUES
('CODICEFISCALE022','EMANUEL','SPINOS',to_date('02/09/1964','DD/MM/YYYY'),'CHURRAS','08012','VIA ESPADA','M','08829344321');
INSERT INTO PERSONA(CF_PERSONA,NOME,COGNOME,DATA_DI_NASCITA,CITTA,CAP,VIA,SESSO,TELEFONO)VALUES
('CODICEFISCALE023','FRANCOS','AJO',to_date('01/09/1965','DD/MM/YYYY'),'ARTES','08055','VIA BARRIOS','M','0882934332');
INSERT INTO PERSONA(CF_PERSONA,NOME,COGNOME,DATA_DI_NASCITA,CITTA,CAP,VIA,SESSO,TELEFONO)VALUES
('CODICEFISCALE024','PABLO','HERRERA',to_date('03/09/1959','DD/MM/YYYY'),'ANTES','08020','VIA MADRID NUESTRA','M','0882934590');
INSERT INTO PERSONA(CF_PERSONA,NOME,COGNOME,DATA_DI_NASCITA,CITTA,CAP,VIA,SESSO,TELEFONO)VALUES
('CODICEFISCALE025','MIGUEL','GUTIERREZ',to_date('02/09/1958','DD/MM/YYYY'),'MANRESA','08020','VIA NARCOS','M','0883554769');
INSERT INTO PERSONA(CF_PERSONA,NOME,COGNOME,DATA_DI_NASCITA,CITTA,CAP,VIA,SESSO,TELEFONO)VALUES
('CODICEFISCALE026','ALEJANDRO','NAVARRO',to_date('03/09/1959','DD/MM/YYYY'),'SURIA','08021','VIA PLAGO','M','0883883456');
INSERT INTO PERSONA(CF_PERSONA,NOME,COGNOME,DATA_DI_NASCITA,CITTA,CAP,VIA,SESSO,TELEFONO)VALUES
('CODICEFISCALE027','ANTONIA','TORRES',to_date('07/09/1951','DD/MM/YYYY'),'IGUALA','08022','VIA SPUERT','F','0883449945');
INSERT INTO PERSONA(CF_PERSONA,NOME,COGNOME,DATA_DI_NASCITA,CITTA,CAP,VIA,SESSO,TELEFONO)VALUES
('CODICEFISCALE028','DOLORES','DOMINIGUEZ',to_date('03/09/1949','DD/MM/YYYY'),'CASTELLTERCOL','08023','VIA VINES','F','0881667153');
INSERT INTO PERSONA(CF_PERSONA,NOME,COGNOME,DATA_DI_NASCITA,CITTA,CAP,VIA,SESSO,TELEFONO)VALUES
('CODICEFISCALE029','RAFAEL','VAZQUEZ',to_date('06/09/1965','DD/MM/YYYY'),'VALLAS','08024','VIA DE LA FINE','M','0882237459');


-- FORNITORE
INSERT INTO FORNITORE(CF_FORNITORE,P_IVA) VALUES
('CODICEFISCALE001','00765437894');
INSERT INTO FORNITORE(CF_FORNITORE,P_IVA) VALUES
('CODICEFISCALE002','46899654321');
INSERT INTO FORNITORE(CF_FORNITORE,P_IVA) VALUES
('CODICEFISCALE003','45790876543');
INSERT INTO FORNITORE(CF_FORNITORE,P_IVA) VALUES
('CODICEFISCALE004','45678921789');

-- DIRETTORE
INSERT INTO DIRETTORE(CF_DIRETTORE,TITOLO_STUDIO,STIPENDIO,DATA_ASSUNZIONE) VALUES
('CODICEFISCALE015','INGEGNERE INFORMATICO',3000,to_date('01/06/2019','DD/MM/YYYY'));
INSERT INTO DIRETTORE(CF_DIRETTORE,TITOLO_STUDIO,STIPENDIO,DATA_ASSUNZIONE) VALUES
('CODICEFISCALE016','INGEGNERE GESTIONALE',2300,to_date('02/06/2019','DD/MM/YYYY'));
INSERT INTO DIRETTORE(CF_DIRETTORE,TITOLO_STUDIO,STIPENDIO,DATA_ASSUNZIONE) VALUES
('CODICEFISCALE017','INGENGERE EDILE',2600,to_date('03/06/2019','DD/MM/YYYY'));
INSERT INTO DIRETTORE(CF_DIRETTORE,TITOLO_STUDIO,STIPENDIO,DATA_ASSUNZIONE) VALUES
('CODICEFISCALE018','INGEGNERE CHIMICO',2500,to_date('04/06/2015','DD/MM/YYYY'));
INSERT INTO DIRETTORE(CF_DIRETTORE,TITOLO_STUDIO,STIPENDIO,DATA_ASSUNZIONE) VALUES
('CODICEFISCALE019','INGEGNERE CIVILE',2700,to_date('05/07/2019','DD/MM/YYYY'));
INSERT INTO DIRETTORE(CF_DIRETTORE,TITOLO_STUDIO,STIPENDIO,DATA_ASSUNZIONE) VALUES
('CODICEFISCALE020','INGEGNERE BIOMEDICO',2400,to_date('07/04/2019','DD/MM/YYYY'));
INSERT INTO DIRETTORE(CF_DIRETTORE,TITOLO_STUDIO,STIPENDIO,DATA_ASSUNZIONE) VALUES
('CODICEFISCALE021','INGEGNERE CHIMICO',2500,to_date('09/05/2019','DD/MM/YYYY'));
INSERT INTO DIRETTORE(CF_DIRETTORE,TITOLO_STUDIO,STIPENDIO,DATA_ASSUNZIONE) VALUES
('CODICEFISCALE022','INGEGNERE GESTIONALE',2300,to_date('16/02/2019','DD/MM/YYYY'));
INSERT INTO DIRETTORE(CF_DIRETTORE,TITOLO_STUDIO,STIPENDIO,DATA_ASSUNZIONE) VALUES
('CODICEFISCALE023','INGEGNERE INFORMATICO',3000,to_date('01/03/2019','DD/MM/YYYY'));
INSERT INTO DIRETTORE(CF_DIRETTORE,TITOLO_STUDIO,STIPENDIO,DATA_ASSUNZIONE) VALUES
('CODICEFISCALE024','INGEGNERE CHIMICO',2500,to_date('10/01/2019','DD/MM/YYYY'));


-- CLIENTE
INSERT INTO CLIENTE(CF_CLIENTE,EMAIL) VALUES
('CODICEFISCALE005','PIPPO1@GMAIL.COM');
INSERT INTO CLIENTE(CF_CLIENTE,EMAIL) VALUES
('CODICEFISCALE006','PIPPO2@GMAIL.COM');
INSERT INTO CLIENTE(CF_CLIENTE,EMAIL) VALUES
('CODICEFISCALE007','PIPPO3@GMAIL.COM');
INSERT INTO CLIENTE(CF_CLIENTE,EMAIL) VALUES
('CODICEFISCALE008','PIPPO4@GMAIL.COM');
INSERT INTO CLIENTE(CF_CLIENTE,EMAIL) VALUES
('CODICEFISCALE009','PIPPO5@GMAIL.COM');
INSERT INTO CLIENTE(CF_CLIENTE,EMAIL) VALUES
('CODICEFISCALE010','PIPPO6@GMAIL.COM');
INSERT INTO CLIENTE(CF_CLIENTE,EMAIL) VALUES
('CODICEFISCALE011','PIPPO7@GMAIL.COM');
INSERT INTO CLIENTE(CF_CLIENTE,EMAIL) VALUES
('CODICEFISCALE012','PIPPO8@GMAIL.COM');
INSERT INTO CLIENTE(CF_CLIENTE,EMAIL) VALUES
('CODICEFISCALE013','PIPPO9@GMAIL.COM');
INSERT INTO CLIENTE(CF_CLIENTE,EMAIL) VALUES
('CODICEFISCALE014','PIPPO10@GMAIL.COM');
INSERT INTO CLIENTE(CF_CLIENTE,EMAIL) VALUES
('CODICEFISCALE025','PIPPO11@GMAIL.COM');
INSERT INTO CLIENTE(CF_CLIENTE,EMAIL) VALUES
('CODICEFISCALE026','PIPPO12@GMAIL.COM');
INSERT INTO CLIENTE(CF_CLIENTE,EMAIL) VALUES
('CODICEFISCALE027','PIPPO13@GMAIL.COM');
INSERT INTO CLIENTE(CF_CLIENTE,EMAIL) VALUES
('CODICEFISCALE028','PIPPO14@GMAIL.COM');
INSERT INTO CLIENTE(CF_CLIENTE,EMAIL) VALUES
('CODICEFISCALE029','PIPPO15@GMAIL.COM');


--SOCIAL_CLUB
INSERT INTO SOCIAL_CLUB(LOCALITA,PROPRIETARIO,NOME_SOCIAL_CLUB,NUM_TEL,EMAIL_S,CF_DIRETTORE) VALUES
('SARRIA-SANT GERVASI','JOAQUIN MARIA LOPEZ','CANNAPHARMACIA','0881234778','INFO@CANNAPHARMACIA.ORG','CODICEFISCALE015');
INSERT INTO SOCIAL_CLUB(LOCALITA,PROPRIETARIO,NOME_SOCIAL_CLUB,NUM_TEL,EMAIL_S,CF_DIRETTORE) VALUES
('LES CORTS','ESQUERDO','CANNABIS_CLUB','0881245577','INFO@CANNABISCLUB.ORG','CODICEFISCALE016');
INSERT INTO SOCIAL_CLUB(LOCALITA,PROPRIETARIO,NOME_SOCIAL_CLUB,NUM_TEL,EMAIL_S,CF_DIRETTORE) VALUES
('SANTS-MONTJUIC','PABLO BUBBLE','BUBBLE CLUE CLUB','0881234668','BUBBLEBLUECLUB@GMAIL.COM','CODICEFISCALE017');
INSERT INTO SOCIAL_CLUB(LOCALITA,PROPRIETARIO,NOME_SOCIAL_CLUB,NUM_TEL,EMAIL_S,CF_DIRETTORE) VALUES
('CIUTAT VELLA','GUILLERMO MESA','PRIVATE CANNABIS CLUB','0881234778','INFO@PRIVATECANNABISCLUB.COM','CODICEFISCALE018');
INSERT INTO SOCIAL_CLUB(LOCALITA,PROPRIETARIO,NOME_SOCIAL_CLUB,NUM_TEL,EMAIL_S,CF_DIRETTORE) VALUES
('EIXAMPLE','CHINTOS','MADIGUANA CANNABIS CLUB','0881134578','INFO@MADIGUANA.ORG','CODICEFISCALE019');
INSERT INTO SOCIAL_CLUB(LOCALITA,PROPRIETARIO,NOME_SOCIAL_CLUB,NUM_TEL,EMAIL_S,CF_DIRETTORE) VALUES
('GRACIA','AMANIEL','GAONI CLUB','0881334548','INFO@GAONICLUB.ORG','CODICEFISCALE020');
INSERT INTO SOCIAL_CLUB(LOCALITA,PROPRIETARIO,NOME_SOCIAL_CLUB,NUM_TEL,EMAIL_S,CF_DIRETTORE) VALUES
('SAINT MARTI','ZABALETA','CERVEZA CLUB','0881134478','INFO@CERVEZA.ORG','CODICEFISCALE021');
INSERT INTO SOCIAL_CLUB(LOCALITA,PROPRIETARIO,NOME_SOCIAL_CLUB,NUM_TEL,EMAIL_S,CF_DIRETTORE) VALUES
('SAINT ANDREU','JAVIER','CERVEZA-GAMING CLUB','0881134467','INFO@.ORG','CODICEFISCALE022');
INSERT INTO SOCIAL_CLUB(LOCALITA,PROPRIETARIO,NOME_SOCIAL_CLUB,NUM_TEL,EMAIL_S,CF_DIRETTORE) VALUES
('NOU BARRIS','DANIEL','NARCOS CLUB','0882214478','INFO@NARCOS.ORG','CODICEFISCALE023');
INSERT INTO SOCIAL_CLUB(LOCALITA,PROPRIETARIO,NOME_SOCIAL_CLUB,NUM_TEL,EMAIL_S,CF_DIRETTORE) VALUES
('HORTA GUINARDO','FRANSISCO','CANNABIS-GAMING CLUB','0884499478','INFO@CANNABISGAMINGCLUB.ORG','CODICEFISCALE024');



-- TESSERA
INSERT INTO TESSERA(NUM_TESSERA,DATA_INIZIO,DATA_FINE,COSTO,CF_CLIENTE,LOCALITA) VALUES
('A001',to_date('01/01/2015','DD/MM/YYYY'),to_date('01/01/2017','DD/MM/YYYY'),'45','CODICEFISCALE005','SARRIA-SANT GERVASI');
INSERT INTO TESSERA(NUM_TESSERA,DATA_INIZIO,DATA_FINE,COSTO,CF_CLIENTE,LOCALITA) VALUES
('A002',to_date('02/02/2019','DD/MM/YYYY'),to_date('02/02/2020','DD/MM/YYYY'),'45','CODICEFISCALE006','LES CORTS');
INSERT INTO TESSERA(NUM_TESSERA,DATA_INIZIO,DATA_FINE,COSTO,CF_CLIENTE,LOCALITA) VALUES
('A003',to_date('03/03/2019','DD/MM/YYYY'),to_date('03/03/2020','DD/MM/YYYY'),'45','CODICEFISCALE007','SANTS-MONTJUIC');
INSERT INTO TESSERA(NUM_TESSERA,DATA_INIZIO,DATA_FINE,COSTO,CF_CLIENTE,LOCALITA) VALUES
('A004',to_date('04/03/2019','DD/MM/YYYY'),to_date('04/03/2020','DD/MM/YYYY'),'45','CODICEFISCALE008','CIUTAT VELLA');
INSERT INTO TESSERA(NUM_TESSERA,DATA_INIZIO,DATA_FINE,COSTO,CF_CLIENTE,LOCALITA) VALUES
('A005',to_date('05/04/2019','DD/MM/YYYY'),to_date('05/04/2020','DD/MM/YYYY'),'45','CODICEFISCALE009','EIXAMPLE');
INSERT INTO TESSERA(NUM_TESSERA,DATA_INIZIO,DATA_FINE,COSTO,CF_CLIENTE,LOCALITA) VALUES
('A006',to_date('06/04/2019','DD/MM/YYYY'),to_date('06/04/2020','DD/MM/YYYY'),'45','CODICEFISCALE010','GRACIA');
INSERT INTO TESSERA(NUM_TESSERA,DATA_INIZIO,DATA_FINE,COSTO,CF_CLIENTE,LOCALITA) VALUES
('A007',to_date('07/04/2019','DD/MM/YYYY'),to_date('07/04/2020','DD/MM/YYYY'),'45','CODICEFISCALE011','SAINT MARTI');
INSERT INTO TESSERA(NUM_TESSERA,DATA_INIZIO,DATA_FINE,COSTO,CF_CLIENTE,LOCALITA) VALUES
('A008',to_date('08/04/2016','DD/MM/YYYY'),to_date('08/04/2020','DD/MM/YYYY'),'45','CODICEFISCALE012','SAINT ANDREU');
INSERT INTO TESSERA(NUM_TESSERA,DATA_INIZIO,DATA_FINE,COSTO,CF_CLIENTE,LOCALITA) VALUES
('A009',to_date('09/04/2019','DD/MM/YYYY'),to_date('09/04/2020','DD/MM/YYYY'),'45','CODICEFISCALE013','NOU BARRIS');
INSERT INTO TESSERA(NUM_TESSERA,DATA_INIZIO,DATA_FINE,COSTO,CF_CLIENTE,LOCALITA) VALUES
('A010',to_date('10/04/2019','DD/MM/YYYY'),to_date('10/04/2020','DD/MM/YYYY'),'45','CODICEFISCALE014','HORTA GUINARDO');
INSERT INTO TESSERA(NUM_TESSERA,DATA_INIZIO,DATA_FINE,COSTO,CF_CLIENTE,LOCALITA) VALUES
('A011',to_date('11/04/2019','DD/MM/YYYY'),to_date('11/04/2020','DD/MM/YYYY'),'45','CODICEFISCALE025','EIXAMPLE');
INSERT INTO TESSERA(NUM_TESSERA,DATA_INIZIO,DATA_FINE,COSTO,CF_CLIENTE,LOCALITA) VALUES
('A012',to_date('12/04/2019','DD/MM/YYYY'),to_date('12/04/2020','DD/MM/YYYY'),'45','CODICEFISCALE026','SANTS-MONTJUIC');
INSERT INTO TESSERA(NUM_TESSERA,DATA_INIZIO,DATA_FINE,COSTO,CF_CLIENTE,LOCALITA) VALUES
('A013',to_date('13/04/2019','DD/MM/YYYY'),to_date('13/04/2020','DD/MM/YYYY'),'45','CODICEFISCALE027','LES CORTS');
INSERT INTO TESSERA(NUM_TESSERA,DATA_INIZIO,DATA_FINE,COSTO,CF_CLIENTE,LOCALITA) VALUES
('A014',to_date('14/04/2019','DD/MM/YYYY'),to_date('14/04/2020','DD/MM/YYYY'),'45','CODICEFISCALE028','NOU BARRIS');
INSERT INTO TESSERA(NUM_TESSERA,DATA_INIZIO,DATA_FINE,COSTO,CF_CLIENTE,LOCALITA) VALUES
('A015',to_date('15/04/2019','DD/MM/YYYY'),to_date('15/04/2020','DD/MM/YYYY'),'45','CODICEFISCALE029','GRACIA');


--SCONTRINO
INSERT INTO SCONTRINO(NUM_SCONTRINO,DATA_ORA,METODO_PAGAMENTRO,NUM_TESSERA,LOCALITA) VALUES
('NSCONTRINO001',to_date('01/01/2019 11:00:21', 'DD/MM/YYYY HH24:MI:SS'),'CONTANTI','A001','SARRIA-SANT GERVASI');
INSERT INTO SCONTRINO(NUM_SCONTRINO,DATA_ORA,METODO_PAGAMENTRO,NUM_TESSERA,LOCALITA) VALUES
('NSCONTRINO002',to_date('01/01/2019 13:30:52', 'DD/MM/YYYY HH24:MI:SS'),'CARTA','A002','LES CORTS');
INSERT INTO SCONTRINO(NUM_SCONTRINO,DATA_ORA,METODO_PAGAMENTRO,NUM_TESSERA,LOCALITA) VALUES
('NSCONTRINO003',to_date('02/01/2019 14:02:48', 'DD/MM/YYYY HH24:MI:SS'),'CONTANTI','A003','SANTS-MONTJUIC');
INSERT INTO SCONTRINO(NUM_SCONTRINO,DATA_ORA,METODO_PAGAMENTRO,NUM_TESSERA,LOCALITA) VALUES
('NSCONTRINO004',to_date('03/01/2019 12:05:23', 'DD/MM/YYYY HH24:MI:SS'),'CONTANTI','A004','CIUTAT VELLA');
INSERT INTO SCONTRINO(NUM_SCONTRINO,DATA_ORA,METODO_PAGAMENTRO,NUM_TESSERA,LOCALITA) VALUES
('NSCONTRINO005',to_date('03/01/2019 13:10:38', 'DD/MM/YYYY HH24:MI:SS'),'CARTA','A005','EIXAMPLE');
INSERT INTO SCONTRINO(NUM_SCONTRINO,DATA_ORA,METODO_PAGAMENTRO,NUM_TESSERA,LOCALITA) VALUES
('NSCONTRINO006',to_date('03/01/2019 16:50:14', 'DD/MM/YYYY HH24:MI:SS'),'CONTANTI','A006','GRACIA');
INSERT INTO SCONTRINO(NUM_SCONTRINO,DATA_ORA,METODO_PAGAMENTRO,NUM_TESSERA,LOCALITA) VALUES
('NSCONTRINO007',to_date('04/01/2019 09:20:48', 'DD/MM/YYYY HH24:MI:SS'),'CARTA','A007','SAINT MARTI');
INSERT INTO SCONTRINO(NUM_SCONTRINO,DATA_ORA,METODO_PAGAMENTRO,NUM_TESSERA,LOCALITA) VALUES
('NSCONTRINO008',to_date('04/01/2019 10:56:38', 'DD/MM/YYYY HH24:MI:SS'),'CARTA','A008','SAINT ANDREU');
INSERT INTO SCONTRINO(NUM_SCONTRINO,DATA_ORA,METODO_PAGAMENTRO,NUM_TESSERA,LOCALITA) VALUES
('NSCONTRINO009',to_date('04/01/2019 15:20:25', 'DD/MM/YYYY HH24:MI:SS'),'CARTA','A009','NOU BARRIS');
INSERT INTO SCONTRINO(NUM_SCONTRINO,DATA_ORA,METODO_PAGAMENTRO,NUM_TESSERA,LOCALITA) VALUES
('NSCONTRINO010',to_date('05/01/2019 11:30:58', 'DD/MM/YYYY HH24:MI:SS'),'CONTANTI','A010','HORTA GUINARDO');
INSERT INTO SCONTRINO(NUM_SCONTRINO,DATA_ORA,METODO_PAGAMENTRO,NUM_TESSERA,LOCALITA) VALUES
('NSCONTRINO011',to_date('05/01/2019 16:05:48', 'DD/MM/YYYY HH24:MI:SS'),'CONTANTI','A011','SAINT MARTI');
INSERT INTO SCONTRINO(NUM_SCONTRINO,DATA_ORA,METODO_PAGAMENTRO,NUM_TESSERA,LOCALITA) VALUES
('NSCONTRINO012',to_date('06/01/2019 18:40:28', 'DD/MM/YYYY HH24:MI:SS'),'CARTA','A012','CIUTAT VELLA');
INSERT INTO SCONTRINO(NUM_SCONTRINO,DATA_ORA,METODO_PAGAMENTRO,NUM_TESSERA,LOCALITA) VALUES
('NSCONTRINO013',to_date('07/01/2019 10:26:15', 'DD/MM/YYYY HH24:MI:SS'),'CARTA','A013','SARRIA-SANT GERVASI');
INSERT INTO SCONTRINO(NUM_SCONTRINO,DATA_ORA,METODO_PAGAMENTRO,NUM_TESSERA,LOCALITA) VALUES
('NSCONTRINO014',to_date('08/01/2019 18:39:38', 'DD/MM/YYYY HH24:MI:SS'),'CARTA','A014','EIXAMPLE');
INSERT INTO SCONTRINO(NUM_SCONTRINO,DATA_ORA,METODO_PAGAMENTRO,NUM_TESSERA,LOCALITA) VALUES
('NSCONTRINO015',to_date('09/01/2019 19:20:16', 'DD/MM/YYYY HH24:MI:SS'),'CONTANTI','A015','SANTS-MONTJUIC');
INSERT INTO SCONTRINO(NUM_SCONTRINO,DATA_ORA,METODO_PAGAMENTRO,NUM_TESSERA,LOCALITA) VALUES
('NSCONTRINO016',to_date('09/01/2019 20:20:16', 'DD/MM/YYYY HH24:MI:SS'),'CONTANTI','A007','SANTS-MONTJUIC');
INSERT INTO SCONTRINO(NUM_SCONTRINO,DATA_ORA,METODO_PAGAMENTRO,NUM_TESSERA,LOCALITA) VALUES
('NSCONTRINO017',to_date('10/01/2019 20:21:16', 'DD/MM/YYYY HH24:MI:SS'),'CONTANTI','A008','SANTS-MONTJUIC');
INSERT INTO SCONTRINO(NUM_SCONTRINO,DATA_ORA,METODO_PAGAMENTRO,NUM_TESSERA,LOCALITA) VALUES
('NSCONTRINO018',to_date('11/01/2019 10:21:16', 'DD/MM/YYYY HH24:MI:SS'),'CONTANTI','A008','SANTS-MONTJUIC');



--TIPO_PRODOTTO
INSERT INTO TIPO_PRODOTTO(TIPO_PROD,SOTTOTIPO,SOTTOSOTTOTIPO) VALUES
('CANNABIS','SATIVA','HAZE');
INSERT INTO TIPO_PRODOTTO(TIPO_PROD,SOTTOTIPO,SOTTOSOTTOTIPO) VALUES
('CANNABIS','INDICA-SATIVA','KUSH');
INSERT INTO TIPO_PRODOTTO(TIPO_PROD,SOTTOTIPO,SOTTOSOTTOTIPO) VALUES
('CANNABIS','SATIVA','GORILLA');
INSERT INTO TIPO_PRODOTTO(TIPO_PROD,SOTTOTIPO,SOTTOSOTTOTIPO) VALUES
('BEVANDE','ALCOLICA','BIRRA');
INSERT INTO TIPO_PRODOTTO(TIPO_PROD,SOTTOTIPO,SOTTOSOTTOTIPO) VALUES
('BEVANDE','ALCOLICA','VINO');
INSERT INTO TIPO_PRODOTTO(TIPO_PROD,SOTTOTIPO,SOTTOSOTTOTIPO) VALUES
('BEVANDE','ALCOLICA','VODKA');
INSERT INTO TIPO_PRODOTTO(TIPO_PROD,SOTTOTIPO,SOTTOSOTTOTIPO) VALUES
('BEVANDE','ANALCOLICA','COLA');
INSERT INTO TIPO_PRODOTTO(TIPO_PROD,SOTTOTIPO,SOTTOSOTTOTIPO) VALUES
('BEVANDE','ANALCOLICA','ARANCIATA');
INSERT INTO TIPO_PRODOTTO(TIPO_PROD,SOTTOTIPO,SOTTOSOTTOTIPO) VALUES
('BEVANDE','ANALCOLICA','CEDRATA');
INSERT INTO TIPO_PRODOTTO(TIPO_PROD,SOTTOTIPO,SOTTOSOTTOTIPO) VALUES
('BEVANDE','ALCOLICA','WHISKY');
INSERT INTO TIPO_PRODOTTO(TIPO_PROD,SOTTOTIPO,SOTTOSOTTOTIPO) VALUES
('BEVANDE','ALCOLICA','RUM');
INSERT INTO TIPO_PRODOTTO(TIPO_PROD,SOTTOTIPO,SOTTOSOTTOTIPO) VALUES
('ALIMENTARI','SALATO','PATATINE');
INSERT INTO TIPO_PRODOTTO(TIPO_PROD,SOTTOTIPO,SOTTOSOTTOTIPO) VALUES
('ALIMENTARI','DOLCE','GELATO');


--PRODOTTO--
INSERT INTO PRODOTTO(COD_BARRE,NOME_PRODOTTO,PREZZO_VENDITA,PREZZO_LISTINO,SOTTOSOTTOTIPO) VALUES
('COD_BARRE001','SILVER HAZE',15,8,'HAZE');
INSERT INTO PRODOTTO(COD_BARRE,NOME_PRODOTTO,PREZZO_VENDITA,PREZZO_LISTINO,SOTTOSOTTOTIPO) VALUES
('COD_BARRE002','PURPLE_HAZE',14,7,'HAZE');
INSERT INTO PRODOTTO(COD_BARRE,NOME_PRODOTTO,PREZZO_VENDITA,PREZZO_LISTINO,SOTTOSOTTOTIPO) VALUES
('COD_BARRE003','HAZE BERRY',12,6,'HAZE');
INSERT INTO PRODOTTO(COD_BARRE,NOME_PRODOTTO,PREZZO_VENDITA,PREZZO_LISTINO,SOTTOSOTTOTIPO) VALUES
('COD_BARRE004','MASTER KUSH',20,14,'KUSH');
INSERT INTO PRODOTTO(COD_BARRE,NOME_PRODOTTO,PREZZO_VENDITA,PREZZO_LISTINO,SOTTOSOTTOTIPO) VALUES
('COD_BARRE005','GORILLA GLUE',14,7,'GORILLA');
INSERT INTO PRODOTTO(COD_BARRE,NOME_PRODOTTO,PREZZO_VENDITA,PREZZO_LISTINO,SOTTOSOTTOTIPO) VALUES
('COD_BARRE006','PERONI',3.5,0.50,'BIRRA');
INSERT INTO PRODOTTO(COD_BARRE,NOME_PRODOTTO,PREZZO_VENDITA,PREZZO_LISTINO,SOTTOSOTTOTIPO) VALUES
('COD_BARRE007','BACKS',4.5,1,'BIRRA');
INSERT INTO PRODOTTO(COD_BARRE,NOME_PRODOTTO,PREZZO_VENDITA,PREZZO_LISTINO,SOTTOSOTTOTIPO) VALUES
('COD_BARRE008','HEINEKEN',4,0.90,'BIRRA');
INSERT INTO PRODOTTO(COD_BARRE,NOME_PRODOTTO,PREZZO_VENDITA,PREZZO_LISTINO,SOTTOSOTTOTIPO) VALUES
('COD_BARRE009','BELVEDERE',150,40,'VODKA');
INSERT INTO PRODOTTO(COD_BARRE,NOME_PRODOTTO,PREZZO_VENDITA,PREZZO_LISTINO,SOTTOSOTTOTIPO) VALUES
('COD_BARRE010','PATATINE RUSTICHE',1.50,0.50,'PATATINE');
INSERT INTO PRODOTTO(COD_BARRE,NOME_PRODOTTO,PREZZO_VENDITA,PREZZO_LISTINO,SOTTOSOTTOTIPO) VALUES
('COD_BARRE011','COCA COLA',1,0.30,'COLA');
INSERT INTO PRODOTTO(COD_BARRE,NOME_PRODOTTO,PREZZO_VENDITA,PREZZO_LISTINO,SOTTOSOTTOTIPO) VALUES
('COD_BARRE012','FANTA',1,0.30,'ARANCIATA');
INSERT INTO PRODOTTO(COD_BARRE,NOME_PRODOTTO,PREZZO_VENDITA,PREZZO_LISTINO,SOTTOSOTTOTIPO) VALUES
('COD_BARRE013','GREY GOOSE',8,2.20,'VODKA');
INSERT INTO PRODOTTO(COD_BARRE,NOME_PRODOTTO,PREZZO_VENDITA,PREZZO_LISTINO,SOTTOSOTTOTIPO) VALUES
('COD_BARRE014','HAVANA CLUB ESPECIAL',20,8.50,'RUM');
INSERT INTO PRODOTTO(COD_BARRE,NOME_PRODOTTO,PREZZO_VENDITA,PREZZO_LISTINO,SOTTOSOTTOTIPO) VALUES
('COD_BARRE015','PAMPERO',6,2.50,'RUM');
INSERT INTO PRODOTTO(COD_BARRE,NOME_PRODOTTO,PREZZO_VENDITA,PREZZO_LISTINO,SOTTOSOTTOTIPO) VALUES
('COD_BARRE016','ROYAL MADRE',14,5,'KUSH');
INSERT INTO PRODOTTO(COD_BARRE,NOME_PRODOTTO,PREZZO_VENDITA,PREZZO_LISTINO,SOTTOSOTTOTIPO) VALUES
('COD_BARRE017','BUBBLE KUSH',12,3,'KUSH');
INSERT INTO PRODOTTO(COD_BARRE,NOME_PRODOTTO,PREZZO_VENDITA,PREZZO_LISTINO,SOTTOSOTTOTIPO) VALUES
('COD_BARRE018','ROYAL MOBY',13.50,6.50,'HAZE');
INSERT INTO PRODOTTO(COD_BARRE,NOME_PRODOTTO,PREZZO_VENDITA,PREZZO_LISTINO,SOTTOSOTTOTIPO) VALUES
('COD_BARRE019','PINEAPPLE KUSH',15.80,7,'KUSH');
INSERT INTO PRODOTTO(COD_BARRE,NOME_PRODOTTO,PREZZO_VENDITA,PREZZO_LISTINO,SOTTOSOTTOTIPO) VALUES
('COD_BARRE020','ARNONE',15.80,7,'CEDRATA');
INSERT INTO PRODOTTO(COD_BARRE,NOME_PRODOTTO,PREZZO_VENDITA,PREZZO_LISTINO,SOTTOSOTTOTIPO) VALUES
('COD_BARRE021','Blended Malt Scotch Whisky',15.80,7,'WHISKY');
INSERT INTO PRODOTTO(COD_BARRE,NOME_PRODOTTO,PREZZO_VENDITA,PREZZO_LISTINO,SOTTOSOTTOTIPO) VALUES
('COD_BARRE022','VINO ROSATI',13,7,'VINO');
INSERT INTO PRODOTTO(COD_BARRE,NOME_PRODOTTO,PREZZO_VENDITA,PREZZO_LISTINO,SOTTOSOTTOTIPO) VALUES
('COD_BARRE023','VINO BIANCHI',9.50,7,'VINO');
INSERT INTO PRODOTTO(COD_BARRE,NOME_PRODOTTO,PREZZO_VENDITA,PREZZO_LISTINO,SOTTOSOTTOTIPO) VALUES
('COD_BARRE024','CREMINO',15.80,2.60,'GELATO');
INSERT INTO PRODOTTO(COD_BARRE,NOME_PRODOTTO,PREZZO_VENDITA,PREZZO_LISTINO,SOTTOSOTTOTIPO) VALUES
('COD_BARRE025','MAGNUM CHOCLATE',2,7,'GELATO');



-- CONTIENE 
INSERT INTO CONTIENE(QUANTITA_C,NUM_SCONTRINO,COD_BARRE) VALUES
(3,'NSCONTRINO001','COD_BARRE001');
INSERT INTO CONTIENE(QUANTITA_C,NUM_SCONTRINO,COD_BARRE) VALUES
(2,'NSCONTRINO002','COD_BARRE002');
INSERT INTO CONTIENE(QUANTITA_C,NUM_SCONTRINO,COD_BARRE) VALUES
(1,'NSCONTRINO003','COD_BARRE003');
INSERT INTO CONTIENE(QUANTITA_C,NUM_SCONTRINO,COD_BARRE) VALUES
(3,'NSCONTRINO004','COD_BARRE004');
INSERT INTO CONTIENE(QUANTITA_C,NUM_SCONTRINO,COD_BARRE) VALUES
(12,'NSCONTRINO005','COD_BARRE005');
INSERT INTO CONTIENE(QUANTITA_C,NUM_SCONTRINO,COD_BARRE) VALUES
(8,'NSCONTRINO006','COD_BARRE006');
INSERT INTO CONTIENE(QUANTITA_C,NUM_SCONTRINO,COD_BARRE) VALUES
(2,'NSCONTRINO007','COD_BARRE007');
INSERT INTO CONTIENE(QUANTITA_C,NUM_SCONTRINO,COD_BARRE) VALUES
(6,'NSCONTRINO008','COD_BARRE008');
INSERT INTO CONTIENE(QUANTITA_C,NUM_SCONTRINO,COD_BARRE) VALUES
(4,'NSCONTRINO009','COD_BARRE009');
INSERT INTO CONTIENE(QUANTITA_C,NUM_SCONTRINO,COD_BARRE) VALUES
(10,'NSCONTRINO010','COD_BARRE010');
INSERT INTO CONTIENE(QUANTITA_C,NUM_SCONTRINO,COD_BARRE) VALUES
(20,'NSCONTRINO011','COD_BARRE011');
INSERT INTO CONTIENE(QUANTITA_C,NUM_SCONTRINO,COD_BARRE) VALUES
(30,'NSCONTRINO012','COD_BARRE012');
INSERT INTO CONTIENE(QUANTITA_C,NUM_SCONTRINO,COD_BARRE) VALUES
(10,'NSCONTRINO013','COD_BARRE002');
INSERT INTO CONTIENE(QUANTITA_C,NUM_SCONTRINO,COD_BARRE) VALUES
(7,'NSCONTRINO014','COD_BARRE013');
INSERT INTO CONTIENE(QUANTITA_C,NUM_SCONTRINO,COD_BARRE) VALUES
(2,'NSCONTRINO015','COD_BARRE001');
INSERT INTO CONTIENE(QUANTITA_C,NUM_SCONTRINO,COD_BARRE) VALUES
(20,'NSCONTRINO016','COD_BARRE002');
INSERT INTO CONTIENE(QUANTITA_C,NUM_SCONTRINO,COD_BARRE) VALUES
(20,'NSCONTRINO017','COD_BARRE001');
INSERT INTO CONTIENE(QUANTITA_C,NUM_SCONTRINO,COD_BARRE) VALUES
(13,'NSCONTRINO018','COD_BARRE004');





--MAGAZZINO
INSERT INTO MAGAZZINO(NUM_MAG,VIA_M,CAP_M,LOCALITA) VALUES
(01,'CARRER DE CASAFRANCA',08017,'SARRIA-SANT GERVASI');
INSERT INTO MAGAZZINO(NUM_MAG,VIA_M,CAP_M,LOCALITA) VALUES
(02,'CARRER DE CABALLERO',08014,'LES CORTS');
INSERT INTO MAGAZZINO(NUM_MAG,VIA_M,CAP_M,LOCALITA) VALUES
(03,'CARRER DEL FOC',08038,'SANTS-MONTJUIC');
INSERT INTO MAGAZZINO(NUM_MAG,VIA_M,CAP_M,LOCALITA) VALUES
(04,'CARRER DE LA RAMBLA',08002,'CIUTAT VELLA');
INSERT INTO MAGAZZINO(NUM_MAG,VIA_M,CAP_M,LOCALITA) VALUES
(05,'CARRER D ARAGO',08009,'EIXAMPLE');
INSERT INTO MAGAZZINO(NUM_MAG,VIA_M,CAP_M,LOCALITA) VALUES
(06,'CARRER DE MARTI',08024,'GRACIA');
INSERT INTO MAGAZZINO(NUM_MAG,VIA_M,CAP_M,LOCALITA) VALUES
(07,'CARRER DE PERE',08019,'SAINT MARTI');
INSERT INTO MAGAZZINO(NUM_MAG,VIA_M,CAP_M,LOCALITA) VALUES
(08,'CARRER DE MALATS',08030,'SAINT ANDREU');
INSERT INTO MAGAZZINO(NUM_MAG,VIA_M,CAP_M,LOCALITA) VALUES
(09,'CARRER DE LA SELVA',08016,'NOU BARRIS');
INSERT INTO MAGAZZINO(NUM_MAG,VIA_M,CAP_M,LOCALITA) VALUES
(10,'CARRER DEL CANIGO',08031,'HORTA GUINARDO');

--FORNITURA
INSERT INTO FORNITURA(COD_FORNITURA,DATA_FOR,CF_FORNITORE,NUM_MAG,CF_DIRETTORE) VALUES
(999999991,to_date('01/01/2019','DD/MM/YYYY'),'CODICEFISCALE001',01,'CODICEFISCALE015');
INSERT INTO FORNITURA(COD_FORNITURA,DATA_FOR,CF_FORNITORE,NUM_MAG,CF_DIRETTORE) VALUES
(999999992,to_date('02/01/2019','DD/MM/YYYY'),'CODICEFISCALE002',02,'CODICEFISCALE016');
INSERT INTO FORNITURA(COD_FORNITURA,DATA_FOR,CF_FORNITORE,NUM_MAG,CF_DIRETTORE) VALUES
(999999993,to_date('03/01/2019','DD/MM/YYYY'),'CODICEFISCALE003',03,'CODICEFISCALE017');
INSERT INTO FORNITURA(COD_FORNITURA,DATA_FOR,CF_FORNITORE,NUM_MAG,CF_DIRETTORE) VALUES
(999999994,to_date('04/01/2019','DD/MM/YYYY'),'CODICEFISCALE004',04,'CODICEFISCALE018');
INSERT INTO FORNITURA(COD_FORNITURA,DATA_FOR,CF_FORNITORE,NUM_MAG,CF_DIRETTORE) VALUES
(999999995,to_date('05/01/2019','DD/MM/YYYY'),'CODICEFISCALE002',05,'CODICEFISCALE019');
INSERT INTO FORNITURA(COD_FORNITURA,DATA_FOR,CF_FORNITORE,NUM_MAG,CF_DIRETTORE) VALUES
(999999996,to_date('06/01/2019','DD/MM/YYYY'),'CODICEFISCALE004',06,'CODICEFISCALE020');
INSERT INTO FORNITURA(COD_FORNITURA,DATA_FOR,CF_FORNITORE,NUM_MAG,CF_DIRETTORE) VALUES
(999999997,to_date('07/01/2019','DD/MM/YYYY'),'CODICEFISCALE003',07,'CODICEFISCALE021');
INSERT INTO FORNITURA(COD_FORNITURA,DATA_FOR,CF_FORNITORE,NUM_MAG,CF_DIRETTORE) VALUES
(999999998,to_date('08/01/2019','DD/MM/YYYY'),'CODICEFISCALE001',08,'CODICEFISCALE022');
INSERT INTO FORNITURA(COD_FORNITURA,DATA_FOR,CF_FORNITORE,NUM_MAG,CF_DIRETTORE) VALUES
(999999999,to_date('09/01/2019','DD/MM/YYYY'),'CODICEFISCALE002',09,'CODICEFISCALE023');
INSERT INTO FORNITURA(COD_FORNITURA,DATA_FOR,CF_FORNITORE,NUM_MAG,CF_DIRETTORE) VALUES
(999999910,to_date('10/01/2019','DD/MM/YYYY'),'CODICEFISCALE003',10,'CODICEFISCALE024');
INSERT INTO FORNITURA(COD_FORNITURA,DATA_FOR,CF_FORNITORE,NUM_MAG,CF_DIRETTORE) VALUES
(999999911,to_date('11/01/2019','DD/MM/YYYY'),'CODICEFISCALE004',03,'CODICEFISCALE017');
INSERT INTO FORNITURA(COD_FORNITURA,DATA_FOR,CF_FORNITORE,NUM_MAG,CF_DIRETTORE) VALUES
(999999912,to_date('12/01/2019','DD/MM/YYYY'),'CODICEFISCALE002',07,'CODICEFISCALE021');
INSERT INTO FORNITURA(COD_FORNITURA,DATA_FOR,CF_FORNITORE,NUM_MAG,CF_DIRETTORE) VALUES
(999999913,to_date('13/01/2019','DD/MM/YYYY'),'CODICEFISCALE001',02,'CODICEFISCALE016');
INSERT INTO FORNITURA(COD_FORNITURA,DATA_FOR,CF_FORNITORE,NUM_MAG,CF_DIRETTORE) VALUES
(999999914,to_date('14/01/2019','DD/MM/YYYY'),'CODICEFISCALE004',04,'CODICEFISCALE018');
INSERT INTO FORNITURA(COD_FORNITURA,DATA_FOR,CF_FORNITORE,NUM_MAG,CF_DIRETTORE) VALUES
(999999915,to_date('15/01/2019','DD/MM/YYYY'),'CODICEFISCALE003',01,'CODICEFISCALE015');


--LOTTO
INSERT INTO LOTTO(NUM_LOTTO,QUANTITA_LOTTO,PREZZO_LOTTO, COD_BARRE, COD_FORNITURA) VALUES
(12305,16,70,'COD_BARRE001',999999991);
INSERT INTO LOTTO(NUM_LOTTO,QUANTITA_LOTTO,PREZZO_LOTTO, COD_BARRE, COD_FORNITURA) VALUES
(12306,12,85,'COD_BARRE002',999999992);
INSERT INTO LOTTO(NUM_LOTTO,QUANTITA_LOTTO,PREZZO_LOTTO, COD_BARRE, COD_FORNITURA) VALUES
(12307,6,45,'COD_BARRE003',999999993);
INSERT INTO LOTTO(NUM_LOTTO,QUANTITA_LOTTO,PREZZO_LOTTO, COD_BARRE, COD_FORNITURA) VALUES
(12308,10,34,'COD_BARRE004',999999994);
INSERT INTO LOTTO(NUM_LOTTO,QUANTITA_LOTTO,PREZZO_LOTTO, COD_BARRE, COD_FORNITURA) VALUES
(12309,50,90,'COD_BARRE005',999999995);
INSERT INTO LOTTO(NUM_LOTTO,QUANTITA_LOTTO,PREZZO_LOTTO, COD_BARRE, COD_FORNITURA) VALUES
(12310,50,30,'COD_BARRE006',999999996);
INSERT INTO LOTTO(NUM_LOTTO,QUANTITA_LOTTO,PREZZO_LOTTO, COD_BARRE, COD_FORNITURA) VALUES
(12311,70,70,'COD_BARRE007',999999997);
INSERT INTO LOTTO(NUM_LOTTO,QUANTITA_LOTTO,PREZZO_LOTTO, COD_BARRE, COD_FORNITURA) VALUES
(12312,40,20,'COD_BARRE008',999999998);
INSERT INTO LOTTO(NUM_LOTTO,QUANTITA_LOTTO,PREZZO_LOTTO, COD_BARRE, COD_FORNITURA) VALUES
(12313,55,74,'COD_BARRE009',999999999);
INSERT INTO LOTTO(NUM_LOTTO,QUANTITA_LOTTO,PREZZO_LOTTO, COD_BARRE, COD_FORNITURA) VALUES
(12314,30,98,'COD_BARRE010',999999998);
INSERT INTO LOTTO(NUM_LOTTO,QUANTITA_LOTTO,PREZZO_LOTTO, COD_BARRE, COD_FORNITURA) VALUES
(12315,80,322,'COD_BARRE011',999999910);
INSERT INTO LOTTO(NUM_LOTTO,QUANTITA_LOTTO,PREZZO_LOTTO, COD_BARRE, COD_FORNITURA) VALUES
(12316,30,40,'COD_BARRE012',999999911);
INSERT INTO LOTTO(NUM_LOTTO,QUANTITA_LOTTO,PREZZO_LOTTO, COD_BARRE, COD_FORNITURA) VALUES
(12317,14,43,'COD_BARRE013',999999912);
INSERT INTO LOTTO(NUM_LOTTO,QUANTITA_LOTTO,PREZZO_LOTTO, COD_BARRE, COD_FORNITURA) VALUES
(12318,16,119,'COD_BARRE014',999999913);
INSERT INTO LOTTO(NUM_LOTTO,QUANTITA_LOTTO,PREZZO_LOTTO, COD_BARRE, COD_FORNITURA) VALUES
(12319,10,300,'COD_BARRE015',999999914);
INSERT INTO LOTTO(NUM_LOTTO,QUANTITA_LOTTO,PREZZO_LOTTO, COD_BARRE, COD_FORNITURA) VALUES
(12320,6,150,'COD_BARRE016',999999915);
INSERT INTO LOTTO(NUM_LOTTO,QUANTITA_LOTTO,PREZZO_LOTTO, COD_BARRE, COD_FORNITURA) VALUES
(12321,4,120,'COD_BARRE017',999999998);
INSERT INTO LOTTO(NUM_LOTTO,QUANTITA_LOTTO,PREZZO_LOTTO, COD_BARRE, COD_FORNITURA) VALUES
(12322,12,22,'COD_BARRE018',999999913);
INSERT INTO LOTTO(NUM_LOTTO,QUANTITA_LOTTO,PREZZO_LOTTO, COD_BARRE, COD_FORNITURA) VALUES
(12323,9,11,'COD_BARRE019',999999911);
INSERT INTO LOTTO(NUM_LOTTO,QUANTITA_LOTTO,PREZZO_LOTTO, COD_BARRE, COD_FORNITURA) VALUES
(12324,7,20,'COD_BARRE020',999999912);
INSERT INTO LOTTO(NUM_LOTTO,QUANTITA_LOTTO,PREZZO_LOTTO, COD_BARRE, COD_FORNITURA) VALUES
(12325,5,12,'COD_BARRE021',999999996);
INSERT INTO LOTTO(NUM_LOTTO,QUANTITA_LOTTO,PREZZO_LOTTO, COD_BARRE, COD_FORNITURA) VALUES
(12326,4,7,'COD_BARRE022',999999995);
INSERT INTO LOTTO(NUM_LOTTO,QUANTITA_LOTTO,PREZZO_LOTTO, COD_BARRE, COD_FORNITURA) VALUES
(12327,12,20,'COD_BARRE023',999999994);
INSERT INTO LOTTO(NUM_LOTTO,QUANTITA_LOTTO,PREZZO_LOTTO, COD_BARRE, COD_FORNITURA) VALUES
(12328,17,250,'COD_BARRE024',999999993);
INSERT INTO LOTTO(NUM_LOTTO,QUANTITA_LOTTO,PREZZO_LOTTO, COD_BARRE, COD_FORNITURA) VALUES
(12329,20,120,'COD_BARRE025',999999992);

-- APPROVVIGIONAMENTO
INSERT INTO APPROVVIGIONAMENTO(DATA_APPROVVIGIONAMENTO, CF_DIRETTORE) VALUES
(to_date('01/09/2019','DD/MM/YYYY'),'CODICEFISCALE015');
INSERT INTO APPROVVIGIONAMENTO(DATA_APPROVVIGIONAMENTO, CF_DIRETTORE) VALUES
(to_date('02/09/2019','DD/MM/YYYY'),'CODICEFISCALE016');
INSERT INTO APPROVVIGIONAMENTO(DATA_APPROVVIGIONAMENTO, CF_DIRETTORE) VALUES
(to_date('03/09/2019','DD/MM/YYYY'),'CODICEFISCALE017');
INSERT INTO APPROVVIGIONAMENTO(DATA_APPROVVIGIONAMENTO, CF_DIRETTORE) VALUES
(to_date('04/09/2019','DD/MM/YYYY'),'CODICEFISCALE018');
INSERT INTO APPROVVIGIONAMENTO(DATA_APPROVVIGIONAMENTO, CF_DIRETTORE) VALUES
(to_date('05/09/2019','DD/MM/YYYY'),'CODICEFISCALE019');
INSERT INTO APPROVVIGIONAMENTO(DATA_APPROVVIGIONAMENTO, CF_DIRETTORE) VALUES
(to_date('06/09/2019','DD/MM/YYYY'),'CODICEFISCALE020');
INSERT INTO APPROVVIGIONAMENTO(DATA_APPROVVIGIONAMENTO, CF_DIRETTORE) VALUES
(to_date('07/09/2019','DD/MM/YYYY'),'CODICEFISCALE021');
INSERT INTO APPROVVIGIONAMENTO(DATA_APPROVVIGIONAMENTO, CF_DIRETTORE) VALUES
(to_date('08/09/2019','DD/MM/YYYY'),'CODICEFISCALE022');
INSERT INTO APPROVVIGIONAMENTO(DATA_APPROVVIGIONAMENTO, CF_DIRETTORE) VALUES
(to_date('09/09/2019','DD/MM/YYYY'),'CODICEFISCALE023');
INSERT INTO APPROVVIGIONAMENTO(DATA_APPROVVIGIONAMENTO, CF_DIRETTORE) VALUES
(to_date('10/09/2019','DD/MM/YYYY'),'CODICEFISCALE024');



-- COSTITUITO_L
INSERT INTO COSTITUITO_L(QUANTITA,CF_DIRETTORE,DATA_APPROVVIGIONAMENTO,NUM_LOTTO) VALUES
(60,'CODICEFISCALE015',to_date('01/09/2019','DD/MM/YYYY'),12305);
INSERT INTO COSTITUITO_L(QUANTITA,CF_DIRETTORE,DATA_APPROVVIGIONAMENTO,NUM_LOTTO) VALUES
(20,'CODICEFISCALE016',to_date('02/09/2019','DD/MM/YYYY'),12306);
INSERT INTO COSTITUITO_L(QUANTITA,CF_DIRETTORE,DATA_APPROVVIGIONAMENTO,NUM_LOTTO) VALUES
(50,'CODICEFISCALE017',to_date('03/09/2019','DD/MM/YYYY'),12307);
INSERT INTO COSTITUITO_L(QUANTITA,CF_DIRETTORE,DATA_APPROVVIGIONAMENTO,NUM_LOTTO) VALUES
(70,'CODICEFISCALE018',to_date('04/09/2019','DD/MM/YYYY'),12308);
INSERT INTO COSTITUITO_L(QUANTITA,CF_DIRETTORE,DATA_APPROVVIGIONAMENTO,NUM_LOTTO) VALUES
(20,'CODICEFISCALE019',to_date('05/09/2019','DD/MM/YYYY'),12309);
INSERT INTO COSTITUITO_L(QUANTITA,CF_DIRETTORE,DATA_APPROVVIGIONAMENTO,NUM_LOTTO) VALUES
(30,'CODICEFISCALE020',to_date('06/09/2019','DD/MM/YYYY'),12310);
INSERT INTO COSTITUITO_L(QUANTITA,CF_DIRETTORE,DATA_APPROVVIGIONAMENTO,NUM_LOTTO) VALUES
(40,'CODICEFISCALE021',to_date('07/09/2019','DD/MM/YYYY'),12311);
INSERT INTO COSTITUITO_L(QUANTITA,CF_DIRETTORE,DATA_APPROVVIGIONAMENTO,NUM_LOTTO) VALUES
(80,'CODICEFISCALE022',to_date('08/09/2019','DD/MM/YYYY'),12312);
INSERT INTO COSTITUITO_L(QUANTITA,CF_DIRETTORE,DATA_APPROVVIGIONAMENTO,NUM_LOTTO) VALUES
(90,'CODICEFISCALE023',to_date('09/09/2019','DD/MM/YYYY'),12313);
INSERT INTO COSTITUITO_L(QUANTITA,CF_DIRETTORE,DATA_APPROVVIGIONAMENTO,NUM_LOTTO) VALUES
(45,'CODICEFISCALE024',to_date('10/09/2019','DD/MM/YYYY'),12314);

--REPARTO--
INSERT INTO REPARTO(NUM_MAG,TIPO_REPARTO,TEL_REP) VALUES
(01,'BEVANDE',08999123);
INSERT INTO REPARTO(NUM_MAG,TIPO_REPARTO,TEL_REP) VALUES
(01,'CANNABIS',08999124);
INSERT INTO REPARTO(NUM_MAG,TIPO_REPARTO,TEL_REP) VALUES
(01,'ALIMENTARI',08999125);
INSERT INTO REPARTO(NUM_MAG,TIPO_REPARTO,TEL_REP) VALUES
(02,'BEVANDE',08999112);
INSERT INTO REPARTO(NUM_MAG,TIPO_REPARTO,TEL_REP) VALUES
(02,'CANNABIS',08999145);
INSERT INTO REPARTO(NUM_MAG,TIPO_REPARTO,TEL_REP) VALUES
(02,'ALIMENTARI',089991225);
INSERT INTO REPARTO(NUM_MAG,TIPO_REPARTO,TEL_REP) VALUES
(03,'BEVANDE',08999233);
INSERT INTO REPARTO(NUM_MAG,TIPO_REPARTO,TEL_REP) VALUES
(03,'CANNABIS',089933324);
INSERT INTO REPARTO(NUM_MAG,TIPO_REPARTO,TEL_REP) VALUES
(03,'ALIMENTARI',08935125);
INSERT INTO REPARTO(NUM_MAG,TIPO_REPARTO,TEL_REP) VALUES
(04,'BEVANDE',08999121);
INSERT INTO REPARTO(NUM_MAG,TIPO_REPARTO,TEL_REP) VALUES
(04,'CANNABIS',08999344);
INSERT INTO REPARTO(NUM_MAG,TIPO_REPARTO,TEL_REP) VALUES
(04,'ALIMENTARI',08956125);
INSERT INTO REPARTO(NUM_MAG,TIPO_REPARTO,TEL_REP) VALUES
(05,'BEVANDE',08999125);
INSERT INTO REPARTO(NUM_MAG,TIPO_REPARTO,TEL_REP) VALUES
(05,'CANNABIS',08999155);
INSERT INTO REPARTO(NUM_MAG,TIPO_REPARTO,TEL_REP) VALUES
(05,'ALIMENTARI',08996627);
INSERT INTO REPARTO(NUM_MAG,TIPO_REPARTO,TEL_REP) VALUES
(06,'BEVANDE',08999128);
INSERT INTO REPARTO(NUM_MAG,TIPO_REPARTO,TEL_REP) VALUES
(06,'CANNABIS',08999177);
INSERT INTO REPARTO(NUM_MAG,TIPO_REPARTO,TEL_REP) VALUES
(06,'ALIMENTARI',08996725);
INSERT INTO REPARTO(NUM_MAG,TIPO_REPARTO,TEL_REP) VALUES
(07,'BEVANDE',08999544);
INSERT INTO REPARTO(NUM_MAG,TIPO_REPARTO,TEL_REP) VALUES
(07,'CANNABIS',08995555);
INSERT INTO REPARTO(NUM_MAG,TIPO_REPARTO,TEL_REP) VALUES
(07,'ALIMENTARI',08122225);
INSERT INTO REPARTO(NUM_MAG,TIPO_REPARTO,TEL_REP) VALUES
(08,'BEVANDE',08999761);
INSERT INTO REPARTO(NUM_MAG,TIPO_REPARTO,TEL_REP) VALUES
(08,'CANNABIS',08998866);
INSERT INTO REPARTO(NUM_MAG,TIPO_REPARTO,TEL_REP) VALUES
(08,'ALIMENTARI',08339125);
INSERT INTO REPARTO(NUM_MAG,TIPO_REPARTO,TEL_REP) VALUES
(09,'BEVANDE',08999543);
INSERT INTO REPARTO(NUM_MAG,TIPO_REPARTO,TEL_REP) VALUES
(09,'CANNABIS',08999124);
INSERT INTO REPARTO(NUM_MAG,TIPO_REPARTO,TEL_REP) VALUES
(09,'ALIMENTARI',08559125);
INSERT INTO REPARTO(NUM_MAG,TIPO_REPARTO,TEL_REP) VALUES
(10,'BEVANDE',08999783);
INSERT INTO REPARTO(NUM_MAG,TIPO_REPARTO,TEL_REP) VALUES
(10,'CANNABIS',08999024);
INSERT INTO REPARTO(NUM_MAG,TIPO_REPARTO,TEL_REP) VALUES
(10,'ALIMENTARI',08129125);

-- CONTIENE
INSERT INTO CONTIENE_R(TIPO_REPARTO,SOTTOSOTTOTIPO,NUM_MAG) VALUES
('CANNABIS','HAZE',01);
INSERT INTO CONTIENE_R(TIPO_REPARTO,SOTTOSOTTOTIPO,NUM_MAG) VALUES
('CANNABIS','KUSH',02);
INSERT INTO CONTIENE_R(TIPO_REPARTO,SOTTOSOTTOTIPO,NUM_MAG) VALUES
('CANNABIS','GORILLA',04);
INSERT INTO CONTIENE_R(TIPO_REPARTO,SOTTOSOTTOTIPO,NUM_MAG) VALUES
('BEVANDE','BIRRA',05);
INSERT INTO CONTIENE_R(TIPO_REPARTO,SOTTOSOTTOTIPO,NUM_MAG) VALUES
('BEVANDE','VINO',06);
INSERT INTO CONTIENE_R(TIPO_REPARTO,SOTTOSOTTOTIPO,NUM_MAG) VALUES
('BEVANDE','VODKA',07);
INSERT INTO CONTIENE_R(TIPO_REPARTO,SOTTOSOTTOTIPO,NUM_MAG) VALUES
('BEVANDE','COLA',08);
INSERT INTO CONTIENE_R(TIPO_REPARTO,SOTTOSOTTOTIPO,NUM_MAG) VALUES
('BEVANDE','ARANCIATA',09);
INSERT INTO CONTIENE_R(TIPO_REPARTO,SOTTOSOTTOTIPO,NUM_MAG) VALUES
('BEVANDE','CEDRATA',10);
INSERT INTO CONTIENE_R(TIPO_REPARTO,SOTTOSOTTOTIPO,NUM_MAG) VALUES
('BEVANDE','WHISKY',03);
INSERT INTO CONTIENE_R(TIPO_REPARTO,SOTTOSOTTOTIPO,NUM_MAG) VALUES
('BEVANDE','RUM',04);
INSERT INTO CONTIENE_R(TIPO_REPARTO,SOTTOSOTTOTIPO,NUM_MAG) VALUES
('ALIMENTARI','PATATINE',06);
INSERT INTO CONTIENE_R(TIPO_REPARTO,SOTTOSOTTOTIPO,NUM_MAG) VALUES
('ALIMENTARI','GELATO',07);


-- VENDUTO
INSERT INTO VENDUTO(COD_BARRE,PREZZO_FORNITORE,CF_FORNITORE) VALUES
('COD_BARRE001',10,'CODICEFISCALE003');
INSERT INTO VENDUTO(COD_BARRE,PREZZO_FORNITORE,CF_FORNITORE) VALUES
('COD_BARRE001',11,'CODICEFISCALE004');
INSERT INTO VENDUTO(COD_BARRE,PREZZO_FORNITORE,CF_FORNITORE) VALUES
('COD_BARRE001',9,'CODICEFISCALE002');
INSERT INTO VENDUTO(COD_BARRE,PREZZO_FORNITORE,CF_FORNITORE) VALUES
('COD_BARRE001',8.50,'CODICEFISCALE001');
INSERT INTO VENDUTO(COD_BARRE,PREZZO_FORNITORE,CF_FORNITORE) VALUES
('COD_BARRE002',11,'CODICEFISCALE001');
INSERT INTO VENDUTO(COD_BARRE,PREZZO_FORNITORE,CF_FORNITORE) VALUES
('COD_BARRE002',12.50,'CODICEFISCALE002');
INSERT INTO VENDUTO(COD_BARRE,PREZZO_FORNITORE,CF_FORNITORE) VALUES
('COD_BARRE002',11.20,'CODICEFISCALE003');
INSERT INTO VENDUTO(COD_BARRE,PREZZO_FORNITORE,CF_FORNITORE) VALUES
('COD_BARRE002',10.50,'CODICEFISCALE004');
INSERT INTO VENDUTO(COD_BARRE,PREZZO_FORNITORE,CF_FORNITORE) VALUES
('COD_BARRE003',5,'CODICEFISCALE001');
INSERT INTO VENDUTO(COD_BARRE,PREZZO_FORNITORE,CF_FORNITORE) VALUES
('COD_BARRE003',10,'CODICEFISCALE004');
INSERT INTO VENDUTO(COD_BARRE,PREZZO_FORNITORE,CF_FORNITORE) VALUES
('COD_BARRE004',6,'CODICEFISCALE002');
INSERT INTO VENDUTO(COD_BARRE,PREZZO_FORNITORE,CF_FORNITORE) VALUES
('COD_BARRE004',13,'CODICEFISCALE003');
INSERT INTO VENDUTO(COD_BARRE,PREZZO_FORNITORE,CF_FORNITORE) VALUES
('COD_BARRE005',8,'CODICEFISCALE001');
INSERT INTO VENDUTO(COD_BARRE,PREZZO_FORNITORE,CF_FORNITORE) VALUES
('COD_BARRE005',4,'CODICEFISCALE002');
INSERT INTO VENDUTO(COD_BARRE,PREZZO_FORNITORE,CF_FORNITORE) VALUES
('COD_BARRE006',0.60,'CODICEFISCALE004');
INSERT INTO VENDUTO(COD_BARRE,PREZZO_FORNITORE,CF_FORNITORE) VALUES
('COD_BARRE006',0.80,'CODICEFISCALE003');
INSERT INTO VENDUTO(COD_BARRE,PREZZO_FORNITORE,CF_FORNITORE) VALUES
('COD_BARRE007',0.80,'CODICEFISCALE004');
INSERT INTO VENDUTO(COD_BARRE,PREZZO_FORNITORE,CF_FORNITORE) VALUES
('COD_BARRE007',0.60,'CODICEFISCALE002');
INSERT INTO VENDUTO(COD_BARRE,PREZZO_FORNITORE,CF_FORNITORE) VALUES
('COD_BARRE008',0.90,'CODICEFISCALE001');
INSERT INTO VENDUTO(COD_BARRE,PREZZO_FORNITORE,CF_FORNITORE) VALUES
('COD_BARRE009',1.10,'CODICEFISCALE002');
INSERT INTO VENDUTO(COD_BARRE,PREZZO_FORNITORE,CF_FORNITORE) VALUES
('COD_BARRE009',1.40,'CODICEFISCALE001');

